species,n
Abrus_fruticulosus,570
Abrus_precatorius,4345
Acacia_acinacea,5465
Acacia_acradenia,634
Acacia_acuminata,1048
Acacia_adsurgens,814
Acacia_adunca,163
Acacia_alata,426
Acacia_alleniana,339
Acacia_alpina,233
Acacia_amoena,251
Acacia_ampliceps,262
Acacia_anceps,207
Acacia_ancistrocarpa,1003
Acacia_aneura,5582
Acacia_argyrodendron,72
Acacia_aspera,675
Acacia_aulacocarpa,914
Acacia_auriculiformis,4994
Acacia_baileyana,4646
Acacia_bidentata,238
Acacia_biflora,109
Acacia_binervata,1466
Acacia_binervia,894
Acacia_bivenosa,903
Acacia_blakei,641
Acacia_blakelyi,292
Acacia_brachybotrya,1875
Acacia_brachystachya,670
Acacia_brassii,99
Acacia_brownii,1775
Acacia_brumalis,94
Acacia_buxifolia,2358
Acacia_bynoeana,373
Acacia_calamifolia,1308
Acacia_cambagei,992
Acacia_cana,157
Acacia_cangaiensis,38
Acacia_cardiophylla,170
Acacia_catenulata,203
Acacia_celastrifolia,130
Acacia_chrysotricha,22
Acacia_cincinnata,147
Acacia_citrinoviridis,200
Acacia_cognata,730
Acacia_colei,743
Acacia_colletioides,1806
Acacia_complanata,873
Acacia_concurrens,972
Acacia_confusa,1175
Acacia_coriacea,257
Acacia_cowleana,621
Acacia_crassicarpa,420
Acacia_cultriformis,498
Acacia_cuthbertsonii,487
Acacia_cyclops,2150
Acacia_cyperophylla,279
Acacia_dangarensis,9
Acacia_dealbata,30766
Acacia_deanei,3357
Acacia_decora,3241
Acacia_decurrens,3169
Acacia_dictyophleba,639
Acacia_difficilis,1745
Acacia_dimidiata,1100
Acacia_doratoxylon,1801
Acacia_drummondii,394
Acacia_dunnii,205
Acacia_elata,1197
Acacia_elongata,1326
Acacia_eremaea,104
Acacia_ericifolia,187
Acacia_erinacea,780
Acacia_estrophiolata,923
Acacia_excelsa,909
Acacia_extensa,399
Acacia_falcata,2970
Acacia_falciformis,4025
Acacia_filicifolia,1355
Acacia_filifolia,39
Acacia_fimbriata,2130
Acacia_flexifolia,399
Acacia_floribunda,3309
Acacia_fulva,67
Acacia_genistifolia,4538
Acacia_georginae,528
Acacia_gittinsii,76
Acacia_gladiiformis,789
Acacia_glaucocarpa,311
Acacia_glaucoptera,374
Acacia_gonocarpa,702
Acacia_granitica,238
Acacia_hakeoides,2667
Acacia_harpophylla,1082
Acacia_harveyi,99
Acacia_hastulata,153
Acacia_havilandiorum,441
Acacia_hemsleyi,246
Acacia_heterophylla,161
Acacia_hilliana,608
Acacia_hippuroides,66
Acacia_holosericea,2068
Acacia_horridula,23
Acacia_huegelii,166
Acacia_implexa,8769
Acacia_irrorata,3363
Acacia_iteaphylla,863
Acacia_ixiophylla,472
Acacia_jonesii,93
Acacia_julifera,675
Acacia_juncifolia,506
Acacia_kempeana,2117
Acacia_koa,402
Acacia_lachnophylla,97
Acacia_latescens,811
Acacia_latifolia,180
Acacia_leiocalyx,2445
Acacia_leptocarpa,1144
Acacia_leucoclada,352
Acacia_ligulata,6248
Acacia_linarioides,121
Acacia_linearifolia,727
Acacia_lineata,706
Acacia_linifolia,2333
Acacia_loderi,349
Acacia_longifolia,15154
Acacia_longispicata,366
Acacia_longissima,924
Acacia_lunata,165
Acacia_lysiphloia,1252
Acacia_maconochieana,50
Acacia_mangium,790
Acacia_mearnsii,16408
Acacia_melanoxylon,31029
Acacia_melleodora,1444
Acacia_microbotrya,370
Acacia_mimula,504
Acacia_monticola,781
Acacia_mooreana,81
Acacia_mucronata,5256
Acacia_multisiliqua,643
Acacia_mutabilis,176
Acacia_myrtifolia,8304
Acacia_nanodealbata,217
Acacia_neriifolia,1114
Acacia_nervosa,247
Acacia_neurocarpa,225
Acacia_nigricans,60
Acacia_notabilis,1059
Acacia_olgana,109
Acacia_oncinocarpa,1079
Acacia_oshanesii,272
Acacia_oswaldii,4799
Acacia_oxycedrus,1982
Acacia_papyrocarpa,1089
Acacia_paradoxa,9973
Acacia_parvipinnula,1139
Acacia_patagiata,103
Acacia_pellita,221
Acacia_pendula,1415
Acacia_pentadenia,200
Acacia_platycarpa,1282
Acacia_plectocarpa,811
Acacia_podalyriifolia,1637
Acacia_polybotrya,449
Acacia_polystachya,242
Acacia_pravissima,1203
Acacia_prominens,530
Acacia_pubescens,284
Acacia_pulchella,1415
Acacia_pycnantha,12482
Acacia_pyrifolia,364
Acacia_redolens,438
Acacia_restiacea,219
Acacia_retinodes,1818
Acacia_rigens,2346
Acacia_rossei,101
Acacia_rostellifera,399
Acacia_rothii,145
Acacia_rubida,2085
Acacia_salicina,2867
Acacia_saligna,5820
Acacia_sclerosperma,439
Acacia_shirleyi,1047
Acacia_silvestris,410
Acacia_simsii,537
Acacia_sparsiflora,236
Acacia_spathulifolia,187
Acacia_spectabilis,919
Acacia_spinescens,2398
Acacia_spinosissima,36
Acacia_squamata,84
Acacia_stenophylla,2893
Acacia_stenoptera,508
Acacia_stipuligera,821
Acacia_stricta,2922
Acacia_suaveolens,5417
Acacia_subcaerulea,169
Acacia_sulcata,325
Acacia_tenuissima,947
Acacia_tephrina,203
Acacia_terminalis,6659
Acacia_tetragonocarpa,41
Acacia_tetragonophylla,4379
Acacia_thomsonii,114
Acacia_torulosa,977
Acacia_trachycarpa,217
Acacia_trachyphloia,212
Acacia_translucens,409
Acacia_trineura,276
Acacia_triptera,714
Acacia_tumida,777
Acacia_ulicifolia,7168
Acacia_umbellata,556
Acacia_uncifera,66
Acacia_urophylla,252
Acacia_verniciflua,3703
Acacia_verticillata,9150
Acacia_vestita,290
Acacia_victoriae,5095
Acacia_wilhelmiana,1161
Acacia_willdenowiana,205
Acacia_yirrkallensis,171
Acmispon_americanus,3881
Acmispon_brachycarpus,1564
Acmispon_maritimus,1282
Acmispon_parviflorus,947
Acmispon_subpinnatus,49
Acmispon_wrangelianus,806
Acosmium_lentiscifolium,34
Acrocarpus_fraxinifolius,123
Adenanthera_intermedia,71
Adenocarpus_complicatus,2451
Adenocarpus_decorticans,1562
Adenocarpus_foliolosus,256
Adenodolichos_punctatus,54
Adesmia_bicolor,68
Adesmia_latifolia,48
Adesmia_muricata,92
Adesmia_punctata,32
Aeschynomene_abyssinica,116
Aeschynomene_afraspera,95
Aeschynomene_americana,2563
Aeschynomene_aspera,104
Aeschynomene_bracteosa,33
Aeschynomene_brevifolia,302
Aeschynomene_ciliata,144
Aeschynomene_crassicaulis,42
Aeschynomene_cristata,84
Aeschynomene_denticulata,120
Aeschynomene_elaphroxylon,125
Aeschynomene_evenia,196
Aeschynomene_filosa,47
Aeschynomene_fluitans,71
Aeschynomene_fluminensis,165
Aeschynomene_indica,3430
Aeschynomene_lateritia,92
Aeschynomene_mimosifolia,35
Aeschynomene_minutiflora,36
Aeschynomene_nilotica,35
Aeschynomene_nodulosa,61
Aeschynomene_nyassana,74
Aeschynomene_pratensis,127
Aeschynomene_rehmannii,64
Aeschynomene_rudis,327
Aeschynomene_scabra,154
Aeschynomene_schimperi,114
Aeschynomene_schliebenii,66
Aeschynomene_sensitiva,949
Aeschynomene_tambacoundensis,67
Aeschynomene_uniflora,137
Aeschynomene_virginica,51
Afzelia_rhomboidea,44
Aganope_gabonica,32
Albizia_adinocephala,223
Albizia_amara,273
Albizia_anthelmintica,310
Albizia_antunesiana,132
Albizia_brevifolia,79
Albizia_carbonaria,494
Albizia_chevalieri,219
Albizia_chinensis,301
Albizia_coriaria,105
Albizia_edwallii,70
Albizia_forbesii,92
Albizia_gummifera,398
Albizia_harveyi,283
Albizia_inundata,314
Albizia_julibrissin,12623
Albizia_kalkora,479
Albizia_lebbeck,2489
Albizia_lebbekoides,39
Albizia_lucidior,101
Albizia_multiflora,100
Albizia_niopoides,866
Albizia_odoratissima,166
Albizia_petersiana,135
Albizia_polycephala,186
Albizia_procera,376
Albizia_retusa,63
Albizia_saponaria,63
Albizia_schimperiana,63
Albizia_subdimidiata,127
Albizia_tanganyicensis,97
Albizia_versicolor,318
Aldina_heterophylla,31
Aldina_latifolia,96
Alexa_grandiflora,72
Alexa_imperatricis,32
Alhagi_maurorum,520
Almaleea_paludosa,158
Alysicarpus_bupleurifolius,183
Alysicarpus_glumaceus,506
Alysicarpus_monilifer,109
Alysicarpus_ovalifolius,2698
Alysicarpus_rugosus,832
Alysicarpus_vaginalis,2269
Alysicarpus_zeyheri,95
Amblygonocarpus_andongensis,160
Amburana_cearensis,363
Amicia_zygomeris,385
Ammopiptanthus_mongolicus,23
Amorpha_californica,702
Amorpha_canescens,4176
Amorpha_fruticosa,12875
Amorpha_herbacea,167
Amorpha_nana,348
Amphicarpaea_bracteata,9508
Amphithalea_ericifolia,262
Anadenanthera_colubrina,2094
Anadenanthera_peregrina,811
Anagyris_foetida,1793
Andira_anthelmia,163
Andira_coriacea,28
Andira_fraxinifolia,584
Andira_inermis,1509
Andira_legalis,76
Andira_micrantha,27
Andira_nitida,166
Andira_parviflora,30
Andira_surinamensis,262
Andira_unifoliolata,20
Anthyllis_barba-jovis,353
Anthyllis_cornicina,358
Anthyllis_cytisoides,11068
Anthyllis_lotoides,1715
Anthyllis_montana,5926
Anthyllis_vulneraria,80815
Antopetitia_abyssinica,280
Aotus_ericoides,3772
Aotus_lanigera,265
Aotus_tietkensii,51
Apios_americana,6038
Apios_carnea,191
Apuleia_leiocarpa,717
Arachis_batizocoi,62
Arachis_burkartii,163
Arachis_cardenasii,57
Arachis_diogoi,53
Arachis_duranensis,226
Arachis_glabrata,819
Arachis_helodes,79
Arachis_hypogaea,5033
Arachis_monticola,34
Arachis_pintoi,792
Arachis_prostrata,234
Arachis_pusilla,293
Arachis_stenosperma,90
Arachis_villosa,78
Archidendron_bigeminum,42
Archidendron_bubalinum,32
Archidendron_clypearia,637
Archidendron_ellipticum,143
Archidendron_jiringa,106
Archidendron_lucidum,531
Archidendron_scutiferum,23
Archidendron_utile,26
Archidendropsis_basaltica,131
Archidendropsis_thozetiana,88
Argyrolobium_amplexicaule,59
Argyrolobium_biebersteinii,88
Argyrolobium_harveyanum,145
Argyrolobium_lunare,129
Argyrolobium_molle,118
Argyrolobium_pauciflorum,72
Argyrolobium_roseum,77
Argyrolobium_rupestre,170
Argyrolobium_speciosum,154
Argyrolobium_stipulaceum,71
Argyrolobium_tomentosum,358
Argyrolobium_transvaalense,105
Argyrolobium_tuberosum,289
Argyrolobium_uniflorum,175
Argyrolobium_zanonii,11874
Aspalathus_abietina,95
Aspalathus_acuminata,215
Aspalathus_albens,75
Aspalathus_alopecurus,94
Aspalathus_angustifolia,191
Aspalathus_araneosa,82
Aspalathus_aspalathoides,140
Aspalathus_asparagoides,93
Aspalathus_astroites,47
Aspalathus_biflora,79
Aspalathus_bodkinii,35
Aspalathus_bracteata,71
Aspalathus_capensis,45
Aspalathus_carnosa,93
Aspalathus_cephalotes,121
Aspalathus_chenopoda,121
Aspalathus_chortophila,138
Aspalathus_ciliaris,329
Aspalathus_cordata,264
Aspalathus_crassisepala,74
Aspalathus_crenata,118
Aspalathus_divaricata,180
Aspalathus_ericifolia,170
Aspalathus_flexuosa,79
Aspalathus_forbesii,38
Aspalathus_gerrardii,41
Aspalathus_heterophylla,44
Aspalathus_hirta,192
Aspalathus_hispida,345
Aspalathus_hystrix,125
Aspalathus_juniperina,132
Aspalathus_lactea,66
Aspalathus_laricifolia,148
Aspalathus_linearis,157
Aspalathus_linguiloba,40
Aspalathus_microphylla,60
Aspalathus_muraltioides,45
Aspalathus_nigra,185
Aspalathus_nivea,34
Aspalathus_opaca,81
Aspalathus_pachyloba,47
Aspalathus_pendula,30
Aspalathus_quinquefolia,155
Aspalathus_recurva,46
Aspalathus_retroflexa,145
Aspalathus_rubens,171
Aspalathus_salteri,38
Aspalathus_sericea,78
Aspalathus_setacea,102
Aspalathus_spicata,95
Aspalathus_spinescens,87
Aspalathus_spinosa,359
Aspalathus_stenophylla,44
Aspalathus_ternata,155
Aspalathus_tuberculata,24
Aspalathus_uniflora,75
Astragalus_aboriginum,194
Astragalus_agrestis,1841
Astragalus_allochrous,296
Astragalus_alopecuroides,766
Astragalus_alpinus,13997
Astragalus_americanus,330
Astragalus_amherstianus,33
Astragalus_angustifolius,156
Astragalus_annularis,112
Astragalus_arenarius,698
Astragalus_argophyllus,368
Astragalus_armatus,114
Astragalus_asper,251
Astragalus_asymmetricus,85
Astragalus_atropilosulus,107
Astragalus_australis,1644
Astragalus_beckwithii,537
Astragalus_bisulcatus,1470
Astragalus_bodinii,172
Astragalus_boeticus,487
Astragalus_bolanderi,122
Astragalus_brachycarpus,40
Astragalus_brazoensis,38
Astragalus_callichrous,268
Astragalus_canadensis,2419
Astragalus_ceramicus,563
Astragalus_chinensis,72
Astragalus_chlorostachys,35
Astragalus_chrysopterus,68
Astragalus_cicer,6629
Astragalus_crassicarpus,2104
Astragalus_crenatus,128
Astragalus_danicus,5521
Astragalus_densiflorus,52
Astragalus_drummondii,812
Astragalus_echinatus,651
Astragalus_eucosmus,458
Astragalus_falcatus,145
Astragalus_filicaulis,100
Astragalus_flexuosus,888
Astragalus_frigidus,4759
Astragalus_galegiformis,101
Astragalus_gambelianus,700
Astragalus_geminiflorus,65
Astragalus_glaux,565
Astragalus_glycyphyllos,35909
Astragalus_gracilis,669
Astragalus_graveolens,34
Astragalus_hamosus,4027
Astragalus_himalayanus,45
Astragalus_hispidulus,67
Astragalus_hornii,45
Astragalus_humistratus,594
Astragalus_hypogaeus,33
Astragalus_hypoglottis,1579
Astragalus_kentrophyta,1147
Astragalus_lehmannianus,29
Astragalus_lentiginosus,5497
Astragalus_leontinus,280
Astragalus_leptocarpus,157
Astragalus_leucocephalus,44
Astragalus_lindheimeri,218
Astragalus_lonchocarpus,474
Astragalus_miniatus,41
Astragalus_miser,1841
Astragalus_missouriensis,1809
Astragalus_mollissimus,2288
Astragalus_monspessulanus,10161
Astragalus_neglectus,242
Astragalus_nothoxys,219
Astragalus_nuttallianus,2377
Astragalus_nuttallii,182
Astragalus_onobrychis,3775
Astragalus_oxyglottis,98
Astragalus_palmeri,428
Astragalus_pectinatus,709
Astragalus_pehuenches,42
Astragalus_ponticus,115
Astragalus_purshii,3013
Astragalus_robbinsii,428
Astragalus_scaberrimus,309
Astragalus_sempervirens,1983
Astragalus_sesameus,3491
Astragalus_sinicus,977
Astragalus_spatulatus,863
Astragalus_stenoceras,66
Astragalus_stevenianus,191
Astragalus_subumbellatus,76
Astragalus_sulcatus,514
Astragalus_tenellus,934
Astragalus_tener,159
Astragalus_tibetanus,248
Astragalus_tribuloides,438
Astragalus_trichopodus,1320
Astragalus_uliginosus,518
Astragalus_umbellatus,817
Astragalus_utahensis,587
Astragalus_vaginatus,75
Astragalus_vexilliflexus,374
Astragalus_whitneyi,709
Astragalus_wootonii,449
Astragalus_zingeri,57
Ateleia_glazioveana,62
Ateleia_gummifera,97
Baikiaea_insignis,167
Baikiaea_plurijuga,171
Balsamocarpon_brevifolium,68
Baphia_laurifolia,185
Baphia_massaiensis,349
Baphia_maxima,41
Baphia_pubescens,235
Baphiopsis_parviflora,116
Baptisia_alba,2915
Baptisia_australis,2694
Baptisia_bracteata,2168
Baptisia_perfoliata,131
Baptisia_tinctoria,1906
Barbieria_pinnata,150
Batesia_floribunda,90
Bauhinia_acreana,109
Bauhinia_acuminata,316
Bauhinia_acuruana,301
Bauhinia_bauhinioides,75
Bauhinia_brachycarpa,331
Bauhinia_brevipes,298
Bauhinia_conwayi,29
Bauhinia_divaricata,2039
Bauhinia_forficata,1091
Bauhinia_galpinii,592
Bauhinia_glauca,136
Bauhinia_longicuspis,282
Bauhinia_longifolia,427
Bauhinia_monandra,538
Bauhinia_pauletia,289
Bauhinia_pentandra,347
Bauhinia_petersiana,225
Bauhinia_picta,210
Bauhinia_pottsii,45
Bauhinia_pulchella,398
Bauhinia_purpurea,522
Bauhinia_racemosa,113
Bauhinia_rufa,670
Bauhinia_rufescens,655
Bauhinia_tomentosa,339
Bauhinia_ungulata,1531
Bauhinia_variegata,1035
Berlinia_bracteosa,202
Berlinia_craibiana,71
Berlinia_grandiflora,660
Bituminaria_bituminosa,25124
Bobgunnia_madagascariensis,559
Bolusanthus_speciosus,206
Bossiaea_aquifolium,298
Bossiaea_bossiaeoides,760
Bossiaea_buxifolia,1646
Bossiaea_cinerea,1795
Bossiaea_dentata,77
Bossiaea_ensata,1005
Bossiaea_eriocarpa,815
Bossiaea_foliosa,1004
Bossiaea_heterophylla,2699
Bossiaea_linophylla,410
Bossiaea_ornata,360
Bossiaea_preissii,144
Bossiaea_prostrata,5895
Bossiaea_pulchella,83
Bossiaea_walkeri,613
Bossiaea_webbii,55
Bowdichia_nitida,56
Bowdichia_virgilioides,1170
Brachystegia_allenii,69
Brachystegia_boehmii,315
Brachystegia_bussei,64
Brachystegia_cynometroides,26
Brachystegia_floribunda,70
Brachystegia_manga,82
Brachystegia_taxifolia,38
Brachystegia_utilis,135
Brodriguesia_santosii,43
Brownea_ariza,197
Brya_ebenus,69
Butea_monosperma,586
Cadia_ellisiana,41
Cadia_purpurea,57
Cajanus_acutifolius,768
Cajanus_cajan,4610
Cajanus_goensis,69
Cajanus_mollis,28
Cajanus_scarabaeoides,923
Calicotome_infesta,162
Calicotome_spinosa,3098
Callerya_cinerea,293
Calliandra_bella,56
Calliandra_coriacea,95
Calliandra_dysantha,501
Calliandra_eriophylla,2018
Calliandra_erubescens,40
Calliandra_foliolosa,269
Calliandra_guildingii,62
Calliandra_haematocephala,620
Calliandra_haematomma,93
Calliandra_harrisii,27
Calliandra_houstoniana,2863
Calliandra_humilis,483
Calliandra_juzepczukii,73
Calliandra_macrocalyx,109
Calliandra_parviflora,284
Calliandra_parvifolia,194
Calliandra_pittieri,293
Calliandra_rubescens,152
Calliandra_surinamensis,490
Calliandra_tergemina,596
Calliandra_trinervia,366
Calopogonium_caeruleum,888
Calpocalyx_dinklagei,250
Calpurnia_aurea,326
Campsiandra_comosa,145
Camptosema_coriaceum,377
Camptosema_pedicellatum,64
Camptosema_rubicundum,91
Campylotropis_macrocarpa,532
Canavalia_africana,91
Canavalia_brasiliensis,770
Canavalia_cathartica,330
Canavalia_gladiata,187
Canavalia_lineata,229
Canavalia_rosea,1930
Caragana_arborescens,9869
Caragana_aurantiaca,47
Caragana_brevispina,36
Caragana_erinacea,80
Caragana_frutex,1295
Caragana_korshinskii,87
Caragana_leveillei,29
Caragana_microphylla,260
Caragana_polourensis,22
Caragana_rosea,158
Caragana_sinica,236
Caragana_versicolor,198
Caragana_zahlbruckneri,24
Carmichaelia_arborea,500
Carmichaelia_exsul,4
Carmichaelia_kirkii,32
Carmichaelia_odorata,98
Carmichaelia_petriei,519
Cassia_abbreviata,399
Cassia_bakeriana,36
Cassia_brewsteri,260
Cassia_cowanii,47
Cassia_fastuosa,89
Cassia_ferruginea,282
Cassia_fistula,2002
Cassia_grandis,709
Cassia_leiandra,157
Cassia_leptophylla,96
Cassia_marksiana,118
Cassia_moschata,224
Cassia_roxburghii,39
Cassia_spruceana,63
Castanospermum_australe,795
Cathormion_umbellatum,535
Cedrelinga_cateniformis,275
Cenostigma_macrophyllum,451
Cenostigma_tocantinum,81
Centrolobium_microchaete,60
Centrolobium_paraense,133
Centrolobium_robustum,29
Centrolobium_tomentosum,174
Centrosema_acutifolium,43
Centrosema_angustifolium,252
Centrosema_arenarium,109
Centrosema_bracteosum,123
Centrosema_brasilianum,969
Centrosema_macrocarpum,395
Centrosema_molle,914
Centrosema_pascuorum,242
Centrosema_plumieri,931
Centrosema_pubescens,2490
Centrosema_rotundifolium,37
Centrosema_sagittatum,445
Centrosema_schottii,255
Centrosema_venosum,140
Centrosema_vexillatum,46
Centrosema_virginianum,5167
Ceratonia_siliqua,17624
Cercis_canadensis,20748
Cercis_glabra,86
Cercis_siliquastrum,8680
Chadsia_grevei,189
Chamaecrista_absus,1317
Chamaecrista_adiantifolia,104
Chamaecrista_apoucouita,75
Chamaecrista_biensis,140
Chamaecrista_calycioides,167
Chamaecrista_chamaecristoides,195
Chamaecrista_ciliolata,42
Chamaecrista_comosa,159
Chamaecrista_conferta,269
Chamaecrista_cytisoides,118
Chamaecrista_decumbens,51
Chamaecrista_dentata,26
Chamaecrista_desvauxii,2073
Chamaecrista_diphylla,775
Chamaecrista_duartei,43
Chamaecrista_ensiformis,367
Chamaecrista_fagonioides,269
Chamaecrista_fasciculata,11504
Chamaecrista_flexuosa,1270
Chamaecrista_glandulosa,513
Chamaecrista_hispidula,532
Chamaecrista_isidorea,58
Chamaecrista_kirkii,282
Chamaecrista_kunthiana,337
Chamaecrista_leschenaultiana,286
Chamaecrista_lineata,101
Chamaecrista_neesiana,127
Chamaecrista_negrensis,65
Chamaecrista_nictitans,6567
Chamaecrista_nomame,1775
Chamaecrista_orbiculata,222
Chamaecrista_pilosa,133
Chamaecrista_planaltoana,49
Chamaecrista_pumila,61
Chamaecrista_ramosa,1162
Chamaecrista_repens,323
Chamaecrista_rotundifolia,2267
Chamaecrista_serpens,555
Chamaecrista_stricta,106
Chamaecrista_viscosa,266
Chamaecrista_xinguensis,29
Chesneya_cuneata,72
Chloroleucon_dumosum,92
Chloroleucon_foliolosum,225
Chloroleucon_mangense,1182
Chloroleucon_tortum,87
Chorizema_aciculare,428
Chorizema_cordatum,214
Chorizema_cytisoides,43
Chorizema_diversifolium,117
Chorizema_parviflorum,649
Chorizema_reticulatum,108
Christia_obcordata,127
Cicer_arietinum,8467
Cicer_echinospermum,41
Cicer_pinnatifidum,66
Cicer_reticulatum,28
Cladrastis_sikokiana,148
Cladrastis_wilsonii,74
Clathrotropis_macrocarpa,312
Clathrotropis_nitida,113
Clianthus_puniceus,63
Clitoria_amazonum,119
Clitoria_arborea,128
Clitoria_australis,129
Clitoria_fairchildiana,318
Clitoria_falcata,521
Clitoria_guianensis,509
Clitoria_javitensis,269
Clitoria_laurifolia,283
Clitoria_mariana,2754
Clitoria_sagotii,59
Clitoria_ternatea,4053
Codariocalyx_gyroides,235
Codariocalyx_motorius,265
Cojoba_arborea,854
Collaea_speciosa,381
Cologania_angustifolia,685
Cologania_broussonetii,835
Colutea_arborescens,9806
Colutea_cilicica,232
Colutea_orientalis,108
Colvillea_racemosa,33
Conzattia_multiflora,259
Copaifera_baumiana,39
Copaifera_duckei,75
Copaifera_langsdorffii,1297
Copaifera_lucens,52
Copaifera_multijuga,82
Copaifera_officinalis,48
Copaifera_trapezifolia,115
Coronilla_coronata,1357
Coronilla_juncea,4002
Coronilla_minima,14150
Coronilla_repanda,269
Coronilla_scorpioides,7829
Coronilla_vaginalis,1549
Coronilla_valentina,3444
Coursetia_caribaea,1210
Coursetia_ferruginea,153
Craibia_brevicaudata,122
Cranocarpus_martii,16
Cratylia_argentea,296
Crotalaria_acicularis,50
Crotalaria_agatiflora,248
Crotalaria_alata,288
Crotalaria_albida,428
Crotalaria_alexandri,41
Crotalaria_angulata,58
Crotalaria_anthyllopsis,39
Crotalaria_argyraea,44
Crotalaria_atrorubens,124
Crotalaria_axillaris,136
Crotalaria_barkae,128
Crotalaria_bongensis,68
Crotalaria_bracteata,30
Crotalaria_brevidens,139
Crotalaria_breviflora,96
Crotalaria_brevis,899
Crotalaria_burkeana,92
Crotalaria_calycina,555
Crotalaria_capensis,275
Crotalaria_caudata,56
Crotalaria_cephalotes,215
Crotalaria_chinensis,85
Crotalaria_cleomifolia,148
Crotalaria_comosa,117
Crotalaria_cunninghamii,897
Crotalaria_damarensis,105
Crotalaria_deserticola,96
Crotalaria_dissitiflora,658
Crotalaria_distans,120
Crotalaria_doidgeae,39
Crotalaria_dura,47
Crotalaria_eremicola,46
Crotalaria_excisa,69
Crotalaria_glauca,370
Crotalaria_globifera,115
Crotalaria_goreensis,1113
Crotalaria_holosericea,124
Crotalaria_humifusa,74
Crotalaria_humilis,32
Crotalaria_hyssopifolia,175
Crotalaria_incana,2112
Crotalaria_juncea,673
Crotalaria_laburnifolia,522
Crotalaria_lachnocarpoides,125
Crotalaria_lachnophora,122
Crotalaria_lanceolata,971
Crotalaria_linifolia,286
Crotalaria_longirostrata,552
Crotalaria_maypurensis,690
Crotalaria_medicaginea,2797
Crotalaria_micans,1225
Crotalaria_microcarpa,536
Crotalaria_mitchellii,392
Crotalaria_monteiroi,157
Crotalaria_mysorensis,51
Crotalaria_natalitia,221
Crotalaria_nitens,385
Crotalaria_novae-hollandiae,1228
Crotalaria_obscura,44
Crotalaria_ochroleuca,241
Crotalaria_pallida,3362
Crotalaria_paulina,125
Crotalaria_perrottetii,89
Crotalaria_pilosa,206
Crotalaria_pisicarpa,60
Crotalaria_platysepala,70
Crotalaria_podocarpa,227
Crotalaria_polysperma,85
Crotalaria_prostrata,62
Crotalaria_pumila,1700
Crotalaria_quinquefolia,83
Crotalaria_recta,159
Crotalaria_retusa,2966
Crotalaria_rogersii,30
Crotalaria_sagittalis,1708
Crotalaria_saharae,96
Crotalaria_senegalensis,127
Crotalaria_sessiliflora,698
Crotalaria_shirensis,28
Crotalaria_spartea,32
Crotalaria_sphaerocarpa,272
Crotalaria_spinosa,141
Crotalaria_stipularia,386
Crotalaria_subcapitata,188
Crotalaria_tetragona,61
Crotalaria_trichotoma,509
Crotalaria_uncinella,141
Crotalaria_vallicola,37
Crotalaria_vasculosa,50
Crotalaria_velutina,116
Crotalaria_verrucosa,742
Crotalaria_virgulata,158
Crotalaria_vitellina,309
Crotalaria_xanthoclada,71
Crudia_amazonica,120
Crudia_aromatica,31
Crudia_bracteata,26
Crudia_oblonga,77
Crudia_tomentosa,38
Cryptosepalum_maraviense,142
Cullen_americanum,80
Cullen_corylifolium,124
Cullen_tomentosum,182
Cyamopsis_serrata,57
Cyamopsis_tetragonoloba,44
Cyclopia_buxifolia,30
Cyclopia_galioides,48
Cyclopia_genistoides,104
Cyclopia_intermedia,144
Cyclopia_maculata,63
Cyclopia_meyeriana,31
Cyclopia_pubescens,18
Cylicodiscus_gabunensis,114
Cymbosema_roseum,136
Cynometra_cauliflora,37
Cynometra_hankei,76
Cynometra_retusa,152
Cytisophyllum_sessilifolium,8205
Cytisus_arboreus,662
Cytisus_balansae,219
Cytisus_decumbens,1556
Cytisus_multiflorus,2144
Cytisus_proliferus,914
Cytisus_scoparius,121580
Cytisus_striatus,2904
Cytisus_supranubius,153
Cytisus_villosus,2596
Dahlstedtia_pinnata,141
Dalbergia_arbutifolia,175
Dalbergia_armata,285
Dalbergia_assamica,264
Dalbergia_baronii,35
Dalbergia_benthamii,86
Dalbergia_boehmii,233
Dalbergia_brasiliensis,128
Dalbergia_candenatensis,124
Dalbergia_chapelieri,45
Dalbergia_cultrata,84
Dalbergia_dyeriana,215
Dalbergia_ecastaphyllum,921
Dalbergia_fischeri,89
Dalbergia_frutescens,922
Dalbergia_hainanensis,13
Dalbergia_hancei,355
Dalbergia_horrida,60
Dalbergia_hupeana,446
Dalbergia_inundata,182
Dalbergia_lactea,296
Dalbergia_lanceolaria,125
Dalbergia_latifolia,119
Dalbergia_louvelii,37
Dalbergia_madagascariensis,40
Dalbergia_melanoxylon,868
Dalbergia_millettii,318
Dalbergia_miscolobium,490
Dalbergia_monticola,76
Dalbergia_nigra,196
Dalbergia_nitidula,257
Dalbergia_obovata,241
Dalbergia_odorifera,37
Dalbergia_oligophylla,33
Dalbergia_oliveri,93
Dalbergia_ovata,79
Dalbergia_pinnata,224
Dalbergia_purpurascens,91
Dalbergia_retusa,213
Dalbergia_riedelii,180
Dalbergia_riparia,89
Dalbergia_sericea,62
Dalbergia_sissoo,590
Dalbergia_spruceana,89
Dalbergia_stipulacea,163
Dalbergia_subcymosa,30
Dalbergia_trichocarpa,135
Dalbergia_tsoi,16
Dalbergia_villosa,59
Dalea_albiflora,439
Dalea_aurea,933
Dalea_candida,3596
Dalea_cliffortiana,486
Dalea_compacta,297
Dalea_flavescens,58
Dalea_formosa,1759
Dalea_frutescens,478
Dalea_leporina,657
Dalea_lumholtzii,43
Dalea_lutea,414
Dalea_mollis,954
Dalea_mollissima,1066
Dalea_multiflora,432
Dalea_phleoides,63
Dalea_pogonathera,633
Dalea_polygonoides,173
Dalea_purpurea,5488
Dalea_scandens,171
Dalea_tenuis,115
Dalea_tomentosa,201
Dalea_villosa,558
Dalea_wrightii,247
Dalhousiea_africana,214
Daniellia_oliveri,2735
Daniellia_thurifera,50
Daviesia_acicularis,781
Daviesia_benthamii,267
Daviesia_brevifolia,2140
Daviesia_buxifolia,358
Daviesia_cordata,295
Daviesia_corymbosa,713
Daviesia_decurrens,514
Daviesia_flexuosa,102
Daviesia_genistifolia,1522
Daviesia_hakeoides,336
Daviesia_horrida,212
Daviesia_leptophylla,4469
Daviesia_nudiflora,268
Daviesia_pectinata,223
Daviesia_teretifolia,129
Daviesia_ulicifolia,10385
Daviesia_umbellulata,524
Decorsea_schlechteri,76
Deguelia_scandens,147
Delonix_elata,137
Dendrolobium_dispermum,36
Dendrolobium_triangulare,368
Dendrolobium_umbellatum,388
Derris_elliptica,118
Derris_marginata,31
Derris_trifoliata,557
Desmanthus_illinoensis,4220
Desmanthus_leptolobus,243
Desmanthus_velutinus,293
Desmanthus_virgatus,1631
Desmodium_affine,465
Desmodium_axillare,705
Desmodium_batocaulon,182
Desmodium_cajanifolium,315
Desmodium_canadense,3660
Desmodium_canescens,797
Desmodium_ciliare,740
Desmodium_cinereum,122
Desmodium_cuneatum,165
Desmodium_cuspidatum,287
Desmodium_distortum,519
Desmodium_gangeticum,495
Desmodium_glabrum,448
Desmodium_grahamii,453
Desmodium_illinoense,686
Desmodium_infractum,241
Desmodium_intortum,912
Desmodium_laevigatum,324
Desmodium_laxiflorum,124
Desmodium_leiocarpum,127
Desmodium_marilandicum,661
Desmodium_molliculum,351
Desmodium_nicaraguense,187
Desmodium_paniculatum,4158
Desmodium_procumbens,1086
Desmodium_retinens,121
Desmodium_rotundifolium,1284
Desmodium_scorpiurus,838
Desmodium_sessilifolium,589
Desmodium_tortuosum,2200
Desmodium_uncinatum,1179
Desmodium_viridiflorum,281
Dewevrea_bilabiata,56
Dialium_englerianum,77
Dialium_guianense,1336
Dialium_pachyphyllum,247
Dialium_schlechteri,92
Dialium_zenkeri,66
Dichilus_lebeckioides,52
Dichilus_strictus,64
Dichrostachys_spicata,272
Dicorynia_guianensis,65
Dicorynia_paraensis,77
Didelotia_africana,54
Dillwynia_brunioides,181
Dillwynia_cinerascens,2182
Dillwynia_divaricata,53
Dillwynia_floribunda,1294
Dillwynia_glaberrima,3762
Dillwynia_hispida,2216
Dillwynia_juniperina,240
Dillwynia_ramosissima,536
Dillwynia_retorta,3566
Dillwynia_uncinata,307
Dimorphandra_macrostachya,110
Dimorphandra_mollis,545
Dimorphandra_parviflora,41
Dimorphandra_vernicosa,89
Dinizia_excelsa,104
Dioclea_guianensis,388
Dioclea_sericea,67
Dioclea_virgata,797
Diphysa_americana,424
Diphysa_carthagenensis,369
Diplotropis_brasiliensis,40
Diplotropis_incexis,48
Diplotropis_purpurea,216
Diplotropis_triloba,30
Dipogon_lignosus,1343
Dipteryx_magnifica,78
Dipteryx_odorata,280
Dipteryx_punctata,82
Diptychandra_aurantiaca,266
Distemonanthus_benthamianus,292
Dolichopsis_paraguariensis,59
Dolichos_falciformis,57
Dolichos_kilimandscharicus,216
Dolichos_linearis,47
Dolichos_oliveri,65
Dolichos_sericeus,153
Dolichos_trilobus,235
Dolichos_trinervatus,109
Droogmansia_pteropus,165
Dumasia_truncata,906
Dumasia_villosa,524
Dunbaria_villosa,438
Duparquetia_orchidacea,191
Ebenopsis_confinis,256
Ebenus_pinnata,116
Elephantorrhiza_burkei,132
Elephantorrhiza_goetzei,106
Elephantorrhiza_suffruticosa,43
Eminia_antennulifera,64
Entada_abyssinica,804
Entada_arenaria,50
Entada_chrysostachys,122
Entada_phaseoloides,322
Entada_polystachya,675
Enterolobium_contortisiliquum,999
Enterolobium_cyclocarpum,2120
Enterolobium_gummiferum,241
Enterolobium_maximum,30
Enterolobium_schomburgkii,455
Eperua_bijuga,32
Eperua_duckeana,41
Eperua_falcata,264
Eperua_glabriflora,39
Eperua_grandiflora,78
Eperua_rubiginosa,135
Erichsenia_uncinata,44
Eriosema_buchananii,37
Eriosema_burkei,125
Eriosema_chrysadenium,72
Eriosema_cordatum,296
Eriosema_crinitum,576
Eriosema_ellipticifolium,63
Eriosema_ellipticum,96
Eriosema_englerianum,56
Eriosema_heterophyllum,199
Eriosema_kraussianum,217
Eriosema_montanum,187
Eriosema_nutans,83
Eriosema_pauciflorum,71
Eriosema_rufum,166
Eriosema_salignum,345
Eriosema_shirense,98
Eriosema_simplicifolium,250
Eriosema_squarrosum,70
Eriosema_violaceum,77
Erythrina_abyssinica,230
Erythrina_americana,695
Erythrina_arborescens,87
Erythrina_berteroana,347
Erythrina_brucei,39
Erythrina_corallodendron,42
Erythrina_costaricensis,178
Erythrina_crista-galli,1844
Erythrina_edulis,473
Erythrina_excelsa,49
Erythrina_falcata,337
Erythrina_folkersii,128
Erythrina_fusca,656
Erythrina_herbacea,2997
Erythrina_humeana,213
Erythrina_lanata,239
Erythrina_lanceolata,88
Erythrina_latissima,138
Erythrina_lysistemon,440
Erythrina_poeppigiana,550
Erythrina_rubrinervia,147
Erythrina_sandwicensis,80
Erythrina_speciosa,290
Erythrina_stricta,72
Erythrina_suberosa,37
Erythrina_subumbrans,80
Erythrina_variegata,421
Erythrina_velutina,315
Erythrina_verna,90
Erythrina_vespertilio,1125
Erythrina_zeyheri,189
Erythrophleum_africanum,376
Erythrophleum_lasianthum,52
Euchilopsis_linearis,186
Euchresta_japonica,112
Eutaxia_microphylla,3910
Eutaxia_virgata,210
Exostyles_venusta,52
Faidherbia_albida,1124
Flemingia_grahamiana,153
Flemingia_lineata,412
Flemingia_macrophylla,668
Flemingia_strobilifera,823
Galactia_canescens,44
Galactia_dubia,62
Galactia_jussiaeana,308
Galactia_latisiliqua,149
Galactia_megalophylla,169
Galactia_regularis,642
Galactia_spiciformis,98
Galactia_striata,2857
Galactia_tenuiflora,66
Galega_officinalis,10738
Galega_orientalis,3297
Gastrolobium_bilobum,203
Gastrolobium_crassifolium,122
Gastrolobium_parviflorum,424
Gastrolobium_spinosum,627
Gastrolobium_trilobum,110
Gastrolobium_velutinum,81
Gastrolobium_villosum,143
Geissaspis_cristata,35
Genista_anglica,19995
Genista_canariensis,136
Genista_cinerea,5505
Genista_falcata,732
Genista_ferox,18
Genista_florida,2078
Genista_germanica,7741
Genista_hispanica,7903
Genista_linifolia,1558
Genista_monspessulana,9079
Genista_pilosa,25998
Genista_radiata,378
Genista_sagittalis,15883
Genista_stenopetala,293
Genista_tenera,53
Genista_tinctoria,34150
Genista_tricuspidata,251
Gilbertiodendron_mayombense,19
Gleditsia_amorphoides,175
Gleditsia_australis,33
Gleditsia_fera,35
Gleditsia_japonica,284
Gleditsia_triacanthos,16649
Gliricidia_sepium,2829
Glycine_canescens,2790
Glycine_clandestina,21565
Glycine_falcata,405
Glycine_max,5418
Glycine_microphylla,3817
Glycine_tabacina,11341
Glycine_tomentella,2570
Glycyrrhiza_acanthocarpa,658
Glycyrrhiza_echinata,708
Glycyrrhiza_glabra,1608
Glycyrrhiza_lepidota,4048
Glycyrrhiza_pallidiflora,87
Glycyrrhiza_uralensis,512
Gompholobium_confertum,478
Gompholobium_grandiflorum,1352
Gompholobium_huegelii,3305
Gompholobium_knightianum,564
Gompholobium_latifolium,2095
Gompholobium_marginatum,494
Gompholobium_minus,585
Gompholobium_pinnatum,1046
Gompholobium_polymorphum,499
Gompholobium_scabrum,317
Gompholobium_subulatum,815
Gompholobium_tomentosum,678
Gompholobium_venustum,134
Gompholobium_virgatum,520
Goniorrhachis_marginata,128
Goodia_lotifolia,2682
Gueldenstaedtia_verna,622
Guibourtia_chodatiana,24
Guibourtia_coleosperma,176
Guibourtia_conjugata,62
Gymnocladus_chinensis,100
Haematoxylum_campechianum,852
Hardenbergia_comptoniana,932
Hardenbergia_violacea,18360
Harleyodendron_unifoliolatum,22
Havardia_albicans,361
Havardia_mexicana,104
Havardia_pallens,496
Hebestigma_cubense,32
Hedysarum_alpinum,1964
Hedysarum_boreale,2338
Hedysarum_caucasicum,170
Hedysarum_ferganense,39
Hedysarum_hedysaroides,4149
Hedysarum_occidentale,384
Hedysarum_polybotrys,79
Hedysarum_spinosissimum,158
Hedysarum_vicioides,250
Heterostemon_ellipticus,53
Heterostemon_mimosoides,168
Hippocrepis_areolata,128
Hippocrepis_comosa,32446
Hippocrepis_emerus,19037
Hippocrepis_multisiliquosa,517
Hippocrepis_unisiliquosa,1077
Hoffmannseggia_glauca,1757
Hoffmannseggia_microphylla,548
Hoita_macrostachya,560
Hoita_orbicularis,218
Hovea_acutifolia,827
Hovea_elliptica,410
Hovea_linearis,3232
Hovea_longifolia,468
Hovea_pungens,340
Hovea_trisperma,755
Hydrochorea_corymbosa,476
Hydrochorea_gonggrijpii,56
Hydrochorea_marginata,142
Hylodendron_gabunense,144
Hylodesmum_podocarpum,3308
Hylodesmum_repandum,686
Hymenaea_aurea,34
Hymenaea_courbaril,2091
Hymenaea_eriogyne,124
Hymenaea_intermedia,82
Hymenaea_martiana,258
Hymenaea_parvifolia,168
Hymenaea_reticulata,44
Hymenaea_rubriflora,91
Hymenaea_stigonocarpa,727
Hymenaea_verrucosa,184
Hymenolobium_alagoanum,45
Hymenolobium_excelsum,26
Hymenolobium_heterocarpum,45
Hymenolobium_janeirense,58
Hymenolobium_modestum,20
Hymenolobium_nitidum,30
Hymenolobium_petraeum,46
Hypocalyptus_coluteoides,108
Hypocalyptus_oxalidifolius,91
Hypocalyptus_sophoroides,171
Indigastrum_argyroides,72
Indigastrum_burkeanum,53
Indigastrum_costatum,185
Indigastrum_parviflorum,519
Indigofera_adenoides,53
Indigofera_alopecuroides,224
Indigofera_alternans,368
Indigofera_amblyantha,158
Indigofera_angustata,31
Indigofera_angustifolia,165
Indigofera_argentea,51
Indigofera_arrecta,402
Indigofera_asperifolia,125
Indigofera_astragalina,426
Indigofera_atropurpurea,121
Indigofera_auricoma,138
Indigofera_australis,9455
Indigofera_bainesii,68
Indigofera_brachystachya,106
Indigofera_brevidens,268
Indigofera_bungeana,1801
Indigofera_candicans,15
Indigofera_capillaris,116
Indigofera_caroliniana,297
Indigofera_cassioides,65
Indigofera_circinella,42
Indigofera_circinnata,66
Indigofera_comosa,90
Indigofera_cordifolia,126
Indigofera_cryptantha,109
Indigofera_cuneifolia,50
Indigofera_cytisoides,248
Indigofera_daleoides,233
Indigofera_denudata,121
Indigofera_digitata,99
Indigofera_dimidiata,102
Indigofera_dosua,35
Indigofera_dregeana,49
Indigofera_emarginella,159
Indigofera_eriocarpa,34
Indigofera_filicaulis,33
Indigofera_filifolia,157
Indigofera_filiformis,43
Indigofera_filipes,134
Indigofera_flabellata,130
Indigofera_flavicans,135
Indigofera_fortunei,59
Indigofera_frutescens,119
Indigofera_fulvopilosa,89
Indigofera_galegoides,81
Indigofera_garckeana,117
Indigofera_glandulosa,51
Indigofera_glomerata,151
Indigofera_hedyantha,237
Indigofera_hendecaphylla,362
Indigofera_heterophylla,775
Indigofera_heterotricha,267
Indigofera_hilaris,329
Indigofera_hirsuta,3923
Indigofera_hispida,43
Indigofera_holubii,63
Indigofera_humifusa,69
Indigofera_incana,197
Indigofera_inhambanensis,40
Indigofera_kirilowii,815
Indigofera_langebergensis,23
Indigofera_lespedezioides,561
Indigofera_linifolia,2491
Indigofera_longibarbata,85
Indigofera_lupatana,69
Indigofera_lyallii,88
Indigofera_mauritanica,78
Indigofera_melanadenia,160
Indigofera_meyeriana,144
Indigofera_microcarpa,323
Indigofera_mimosoides,55
Indigofera_miniata,2394
Indigofera_mollicoma,32
Indigofera_nigromontana,133
Indigofera_nummulariifolia,210
Indigofera_oblongifolia,175
Indigofera_ormocarpoides,49
Indigofera_ovata,66
Indigofera_oxalidea,68
Indigofera_oxytropis,121
Indigofera_porrecta,54
Indigofera_pratensis,646
Indigofera_procumbens,71
Indigofera_psoraloides,76
Indigofera_pulchra,366
Indigofera_reticulata,51
Indigofera_rhynchocarpa,118
Indigofera_rhytidocarpa,58
Indigofera_rostrata,79
Indigofera_sanguinea,126
Indigofera_schimperi,209
Indigofera_senegalensis,483
Indigofera_sessiliflora,228
Indigofera_sessilifolia,156
Indigofera_setiflora,40
Indigofera_sordida,41
Indigofera_sphaerocarpa,65
Indigofera_spicata,1936
Indigofera_stenophylla,267
Indigofera_stricta,63
Indigofera_strobilifera,108
Indigofera_suffruticosa,2813
Indigofera_sulcata,62
Indigofera_swaziensis,119
Indigofera_tenuissima,31
Indigofera_tinctoria,935
Indigofera_torulosa,62
Indigofera_tristis,76
Indigofera_tristoides,71
Indigofera_velutina,41
Indigofera_vicioides,152
Indigofera_williamsonii,45
Indigofera_woodii,56
Indigofera_zollingeriana,86
Inga_acreana,239
Inga_acrocephala,275
Inga_acuminata,145
Inga_alba,852
Inga_blanchetiana,41
Inga_capitata,928
Inga_cayennensis,272
Inga_chocoensis,72
Inga_cinnamomea,177
Inga_cordatoalata,90
Inga_cordistipula,22
Inga_densiflora,419
Inga_disticha,150
Inga_edulis,1853
Inga_fastuosa,68
Inga_graciliflora,28
Inga_gracilifolia,109
Inga_hayesii,58
Inga_heterophylla,552
Inga_hispida,52
Inga_huberi,49
Inga_ingoides,446
Inga_lateriflora,99
Inga_laurina,1347
Inga_lentiscifolia,51
Inga_longiflora,36
Inga_macrophylla,241
Inga_maritima,28
Inga_mortoniana,88
Inga_nobilis,1216
Inga_obidensis,55
Inga_oerstediana,862
Inga_panurensis,41
Inga_paraensis,125
Inga_paterno,170
Inga_pezizifera,354
Inga_pilosula,302
Inga_punctata,1831
Inga_rubiginosa,117
Inga_sertulifera,319
Inga_sessilis,339
Inga_spectabilis,447
Inga_splendens,160
Inga_stipularis,212
Inga_thibaudiana,1433
Inga_tonduzii,72
Inga_umbellifera,520
Inga_uraguensis,125
Inga_velutina,100
Inga_vera,3105
Inga_vulpina,79
Inocarpus_fagifer,218
Intsia_palembanica,103
Isoberlinia_angolensis,115
Isotropis_atropurpurea,350
Isotropis_cuneifolia,652
Isotropis_juncea,68
Jacksonia_capitata,118
Jacksonia_dilatata,901
Jacksonia_floribunda,287
Jacksonia_furcellata,391
Jacksonia_hakeoides,199
Jacksonia_horrida,248
Jacksonia_scoparia,3620
Jacksonia_sericea,33
Jacksonia_spinosa,154
Jacksonia_sternbergiana,74
Julbernardia_globiflora,393
Julbernardia_paniculata,173
Kennedia_carinata,133
Kennedia_coccinea,815
Kennedia_glabrata,21
Kennedia_nigricans,113
Kennedia_prorepens,326
Kennedia_prostrata,6094
Kennedia_rubicunda,5590
Kennedia_stirlingii,87
Koompassia_malaccensis,147
Kotschya_strigosa,179
Kotschya_strobilantha,44
Kotschya_thymodora,66
Kummerowia_stipulacea,1525
Kummerowia_striata,5185
Lablab_purpureus,1819
Laburnum_alpinum,3521
Laburnum_anagyroides,16951
Lamprolobium_fruticosum,262
Lathyrus_angulatus,2811
Lathyrus_annuus,2095
Lathyrus_aphaca,12270
Lathyrus_brachycalyx,222
Lathyrus_cicera,6761
Lathyrus_clymenum,4324
Lathyrus_davidii,690
Lathyrus_eucosmus,338
Lathyrus_graminifolius,194
Lathyrus_hirsutus,8559
Lathyrus_humilis,1259
Lathyrus_inconspicuus,1020
Lathyrus_japonicus,5859
Lathyrus_jepsonii,242
Lathyrus_komarovii,213
Lathyrus_lanszwertii,1303
Lathyrus_latifolius,32152
Lathyrus_linifolius,75462
Lathyrus_littoralis,205
Lathyrus_magellanicus,261
Lathyrus_marmoratus,355
Lathyrus_nevadensis,1044
Lathyrus_niger,13505
Lathyrus_nissolia,8507
Lathyrus_ochroleucus,1964
Lathyrus_ochrus,1916
Lathyrus_odoratus,1391
Lathyrus_palustris,12132
Lathyrus_pisiformis,2582
Lathyrus_pratensis,186788
Lathyrus_pseudocicera,255
Lathyrus_pusillus,154
Lathyrus_sativus,1767
Lathyrus_sphaericus,5255
Lathyrus_sylvestris,29826
Lathyrus_tingitanus,1843
Lathyrus_tuberosus,24881
Lathyrus_venosus,1159
Lathyrus_vernus,51138
Lebeckia_gracilis,39
Lebeckia_pauciflora,52
Lebeckia_plukenetiana,51
Lebeckia_sepiaria,79
Lebeckia_wrightii,28
Lecointea_amazonica,101
Leptoderris_nobilis,28
Leptosema_chambersii,485
Lespedeza_angustifolia,258
Lespedeza_bicolor,4827
Lespedeza_buergeri,858
Lespedeza_capitata,4227
Lespedeza_caraganae,67
Lespedeza_chinensis,178
Lespedeza_cyrtobotrya,1951
Lespedeza_davidii,192
Lespedeza_floribunda,355
Lespedeza_hirta,2178
Lespedeza_homoloba,670
Lespedeza_inschanica,163
Lespedeza_juncea,956
Lespedeza_leptostachya,68
Lespedeza_maximowiczii,1343
Lespedeza_melanantha,33
Lespedeza_pilosa,1067
Lespedeza_procumbens,1435
Lespedeza_repens,1247
Lespedeza_stuevei,521
Lespedeza_thunbergii,1299
Lespedeza_tomentosa,489
Lespedeza_violacea,1236
Lespedeza_virgata,492
Lespedeza_virginica,2239
Lessertia_annularis,79
Lessertia_benguellensis,83
Lessertia_brachystachya,36
Lessertia_depressa,55
Lessertia_diffusa,64
Lessertia_excisa,37
Lessertia_herbacea,47
Lessertia_macrostachya,48
Lessertia_pauciflora,99
Lessertia_perennans,91
Lessertia_stricta,32
Leucaena_collinsii,54
Leucaena_cuspidata,49
Leucaena_diversifolia,394
Leucaena_esculenta,403
Leucaena_greggii,101
Leucaena_lanceolata,401
Leucaena_leucocephala,10299
Leucaena_macrophylla,300
Leucaena_multicapitula,55
Leucaena_pulverulenta,288
Leucaena_retusa,352
Leucaena_salvadorensis,15
Leucaena_shannonii,156
Leucaena_trichandra,176
Leucaena_trichodes,182
Liparia_parva,58
Liparia_splendens,205
Loesenera_talbotii,31
Lonchocarpus_atropurpureus,122
Lonchocarpus_capassa,172
Lonchocarpus_constrictus,111
Lonchocarpus_eriocarinalis,136
Lonchocarpus_guatemalensis,863
Lonchocarpus_heptaphyllus,426
Lonchocarpus_macrophyllus,81
Lonchocarpus_nitidus,75
Lonchocarpus_punctatus,167
Lonchocarpus_sericeus,1629
Lonchocarpus_violaceus,47
Lotononis_divaricata,55
Lotononis_falcata,105
Lotononis_involucrata,94
Lotononis_laxa,170
Lotononis_lotononoides,82
Lotononis_parviflora,49
Lotononis_prostrata,83
Lotononis_pulchella,54
Lotononis_rabenaviana,43
Lotus_alpinus,4465
Lotus_angustissimus,4763
Lotus_arabicus,51
Lotus_arenarius,93
Lotus_australis,1501
Lotus_conimbricensis,1124
Lotus_conjugatus,50
Lotus_corniculatus,227742
Lotus_cruentus,2025
Lotus_cytisoides,889
Lotus_discolor,163
Lotus_edulis,923
Lotus_glinoides,152
Lotus_halophilus,292
Lotus_hispidus,769
Lotus_maroccanus,35
Lotus_ornithopodioides,2052
Lotus_parviflorus,2102
Lotus_pedunculatus,101871
Lotus_peregrinus,607
Lotus_purpureus,30
Lotus_sessilifolius,143
Lotus_subbiflorus,2745
Lotus_tenuis,10164
Lotus_ucrainicus,346
Luetzelburgia_auriculata,202
Luetzelburgia_bahiensis,102
Lupinus_affinis,126
Lupinus_albicaulis,578
Lupinus_albifrons,2277
Lupinus_albus,2482
Lupinus_angustiflorus,120
Lupinus_angustifolius,9804
Lupinus_arboreus,2747
Lupinus_arbustus,1287
Lupinus_arcticus,1282
Lupinus_argenteus,4774
Lupinus_aridus,334
Lupinus_arizonicus,1998
Lupinus_atlanticus,51
Lupinus_benthamii,425
Lupinus_bicolor,5321
Lupinus_breweri,477
Lupinus_caespitosus,318
Lupinus_chamissonis,285
Lupinus_concinnus,2751
Lupinus_confertus,420
Lupinus_cosentinii,532
Lupinus_cumulicola,125
Lupinus_densiflorus,951
Lupinus_diffusus,623
Lupinus_elegans,396
Lupinus_exaltatus,75
Lupinus_flavoculatus,347
Lupinus_formosus,907
Lupinus_fulcratus,93
Lupinus_gibertianus,90
Lupinus_grayi,258
Lupinus_havardii,223
Lupinus_hirsutissimus,2131
Lupinus_hispanicus,820
Lupinus_kingii,438
Lupinus_latifolius,1923
Lupinus_lepidus,803
Lupinus_leucophyllus,974
Lupinus_luteus,3493
Lupinus_lyallii,113
Lupinus_meionanthus,175
Lupinus_mexicanus,115
Lupinus_microcarpus,2003
Lupinus_montanus,377
Lupinus_multiflorus,39
Lupinus_mutabilis,156
Lupinus_nanus,1562
Lupinus_nootkatensis,2099
Lupinus_ornatus,31
Lupinus_palaestinus,159
Lupinus_perennis,2513
Lupinus_pilosus,564
Lupinus_polycarpus,276
Lupinus_polyphyllus,95692
Lupinus_pubescens,149
Lupinus_pusillus,1087
Lupinus_rivularis,398
Lupinus_sellulus,1292
Lupinus_sericeus,1997
Lupinus_sparsiflorus,2671
Lupinus_subcarnosus,486
Lupinus_succulentus,2614
Lupinus_vallicola,111
Lupinus_villosus,512
Lysiloma_acapulcense,871
Lysiloma_divaricatum,1675
Lysiloma_latisiliquum,863
Lysiloma_watsonii,118
Lysiphyllum_carronii,215
Lysiphyllum_gilvum,220
Maackia_amurensis,1917
Maackia_hupehensis,46
Machaerium_aculeatum,250
Machaerium_arboreum,348
Machaerium_brasiliense,399
Machaerium_ferox,99
Machaerium_floribundum,235
Machaerium_hoehneanum,22
Machaerium_incorruptibile,24
Machaerium_inundatum,195
Machaerium_isadelphum,324
Machaerium_latifolium,98
Machaerium_lunatum,357
Machaerium_madeirense,101
Machaerium_milleflorum,54
Machaerium_multifoliolatum,70
Machaerium_myrianthum,45
Machaerium_nyctitans,319
Machaerium_opacum,246
Machaerium_pedicellatum,34
Machaerium_quinata,200
Machaerium_salzmannii,78
Machaerium_stipitatum,415
Machaerium_villosum,282
Macrolobium_acaciifolium,657
Macrolobium_angustifolium,390
Macrolobium_bifolium,242
Macrolobium_campestre,58
Macrolobium_latifolium,113
Macrolobium_limbatum,186
Macrolobium_microcalyx,90
Macrolobium_multijugum,352
Macrolobium_pendulum,39
Macrolobium_punctatum,35
Macrolobium_suaveolens,90
Macroptilium_atropurpureum,4042
Macroptilium_bracteatum,256
Macroptilium_erythroloma,191
Macroptilium_gibbosifolium,1485
Macroptilium_gracile,257
Macroptilium_lathyroides,3134
Macroptilium_martii,131
Macroptilium_panduratum,72
Macrosamanea_discolor,68
Macrosamanea_duckei,53
Macrosamanea_pubiramea,190
Macrosamanea_spruceana,59
Macrotyloma_africanum,30
Macrotyloma_axillare,526
Macrotyloma_daltonii,46
Macrotyloma_densiflorum,46
Macrotyloma_geocarpum,56
Macrotyloma_maranguense,40
Macrotyloma_uniflorum,176
Marina_parryi,1302
Martiodendron_elatum,34
Mastersia_bakeri,64
Medicago_arabica,33871
Medicago_arborea,1537
Medicago_blancheana,203
Medicago_cancellata,35
Medicago_constricta,257
Medicago_coronata,1018
Medicago_disciformis,443
Medicago_doliata,818
Medicago_edgeworthii,82
Medicago_falcata,30104
Medicago_granadensis,80
Medicago_hybrida,220
Medicago_hypogaea,73
Medicago_intertexta,387
Medicago_laciniata,2728
Medicago_littoralis,5024
Medicago_lupulina,156371
Medicago_marina,1759
Medicago_medicaginoides,67
Medicago_minima,27135
Medicago_monantha,293
Medicago_monspeliaca,4814
Medicago_murex,468
Medicago_muricoleptis,16
Medicago_noeana,98
Medicago_orbicularis,7735
Medicago_orthoceras,84
Medicago_papillosa,30
Medicago_polyceratia,829
Medicago_polymorpha,29836
Medicago_praecox,1096
Medicago_radiata,405
Medicago_rugosa,391
Medicago_ruthenica,481
Medicago_sativa,91816
Medicago_scutellata,901
Medicago_secundiflora,121
Medicago_soleirolii,72
Medicago_suffruticosa,2881
Medicago_tenoreana,36
Medicago_tornata,241
Medicago_truncatula,5836
Medicago_turbinata,616
Melanoxylon_brauna,155
Melilotus_albus,95283
Melilotus_altissimus,16018
Melilotus_dentatus,687
Melilotus_indicus,12821
Melilotus_infestus,102
Melilotus_italicus,197
Melilotus_neapolitanus,1618
Melilotus_officinalis,54828
Melilotus_segetalis,268
Melilotus_suaveolens,1111
Melilotus_sulcatus,2253
Melilotus_wolgicus,178
Melolobium_adenodes,60
Melolobium_aethiopicum,42
Melolobium_alpinum,29
Melolobium_calycinum,56
Melolobium_candicans,230
Melolobium_exudans,47
Melolobium_humile,49
Melolobium_microphyllum,267
Melolobium_obcordatum,55
Microberlinia_bisulcata,32
Microlobius_foetidus,211
Millettia_dura,74
Millettia_extensa,43
Millettia_ferruginea,24
Millettia_grandis,123
Millettia_laurentii,78
Millettia_macrophylla,35
Millettia_stuhlmannii,68
Millettia_thonningii,557
Millettia_usaramensis,70
Mimosa_aculeaticarpa,1079
Mimosa_acutistipula,257
Mimosa_adenocarpa,69
Mimosa_affinis,144
Mimosa_albida,2473
Mimosa_arenosa,503
Mimosa_bahamensis,683
Mimosa_benthamii,298
Mimosa_bimucronata,401
Mimosa_blanchetii,55
Mimosa_borealis,825
Mimosa_caesalpiniifolia,335
Mimosa_calodendron,50
Mimosa_campicola,28
Mimosa_camporum,214
Mimosa_casta,61
Mimosa_ceratonia,114
Mimosa_cordistipula,43
Mimosa_debilis,885
Mimosa_depauperata,49
Mimosa_diplotricha,988
Mimosa_dormiens,55
Mimosa_dysocarpa,406
Mimosa_filipes,100
Mimosa_flagellaris,46
Mimosa_flocculosa,45
Mimosa_foliolosa,403
Mimosa_furfuracea,45
Mimosa_gemmulata,209
Mimosa_grahamii,113
Mimosa_guilandinae,202
Mimosa_hamata,35
Mimosa_hexandra,131
Mimosa_hirsutissima,299
Mimosa_hondurana,70
Mimosa_hypoglauca,116
Mimosa_irrigua,63
Mimosa_lacerata,157
Mimosa_lactiflua,131
Mimosa_lanuginosa,83
Mimosa_latispinosa,46
Mimosa_lewisii,98
Mimosa_luisana,79
Mimosa_melanocarpa,33
Mimosa_mensicola,11
Mimosa_mollis,79
Mimosa_monancistra,219
Mimosa_monticola,17
Mimosa_occidentalis,58
Mimosa_ophthalmocentra,236
Mimosa_orthocarpa,82
Mimosa_paludosa,298
Mimosa_pigra,9415
Mimosa_polyantha,292
Mimosa_polycarpa,283
Mimosa_polydactyla,158
Mimosa_pteridifolia,151
Mimosa_pudica,9698
Mimosa_quadrivalvis,2928
Mimosa_rubicaulis,63
Mimosa_scabrella,265
Mimosa_schleidenii,13
Mimosa_sensibilis,122
Mimosa_sensitiva,350
Mimosa_skinneri,274
Mimosa_somnians,1125
Mimosa_strigillosa,1608
Mimosa_tenuiflora,705
Mimosa_tricephala,429
Mimosa_ulbrichiana,23
Mimosa_uliginosa,28
Mimosa_ursina,98
Mimosa_velloziana,339
Mimosa_verrucosa,154
Mimosa_xanthocentra,780
Mimozyganthus_carinatus,81
Mirbelia_dilatata,89
Mirbelia_floribunda,160
Mirbelia_ovata,66
Mirbelia_pungens,600
Mirbelia_ramulosa,248
Mirbelia_spinosa,304
Moldenhawera_floribunda,29
Monopteryx_inpae,40
Mora_excelsa,35
Moullava_spicata,34
Mucuna_birdwoodiana,141
Mucuna_bracteata,58
Mucuna_coriacea,81
Mucuna_gigantea,594
Mucuna_hainanensis,26
Mucuna_rostrata,165
Mucuna_sempervirens,114
Mucuna_urens,466
Muelleranthus_trifoliolatus,82
Mundulea_sericea,856
Myrocarpus_fastigiatus,29
Myroxylon_peruiferum,240
Neorautanenia_ficifolia,55
Neorautanenia_mitis,369
Neptunia_gracilis,1075
Neptunia_lutea,895
Neptunia_monosperma,544
Neptunia_plena,751
Neptunia_pubescens,949
Newtonia_buchananii,146
Nissolia_fruticosa,782
Nissolia_schottii,139
Ohwia_caudata,551
Olneya_tesota,2331
Onobrychis_arenaria,3008
Onobrychis_biebersteinii,71
Onobrychis_conferta,1200
Onobrychis_cornuta,143
Onobrychis_cyri,81
Onobrychis_humilis,660
Onobrychis_pallasii,64
Onobrychis_petraea,43
Onobrychis_transcaucasica,33
Onobrychis_viciifolia,26519
Ononis_alopecuroides,288
Ononis_cristata,1489
Ononis_fruticosa,2987
Ononis_mitissima,704
Ononis_natrix,10603
Ononis_pusilla,7406
Ononis_reclinata,3164
Ononis_rotundifolia,1778
Ononis_serrata,232
Ononis_spinosa,64971
Ononis_variegata,187
Ononis_viscosa,1667
Ophrestia_oblongifolia,72
Ophrestia_radicosa,47
Ormocarpum_cochinchinense,85
Ormocarpum_kirkii,128
Ormocarpum_sennoides,245
Ormocarpum_trichocarpum,224
Ormosia_arborea,204
Ormosia_coarctata,97
Ormosia_coccinea,157
Ormosia_costulata,88
Ormosia_coutinhoi,79
Ormosia_discolor,43
Ormosia_emarginata,30
Ormosia_excelsa,60
Ormosia_fastigiata,99
Ormosia_flava,48
Ormosia_grossa,31
Ormosia_henryi,87
Ormosia_krugii,65
Ormosia_macrocalyx,179
Ormosia_monosperma,23
Ormosia_nobilis,89
Ormosia_paraensis,133
Ormosia_pinnata,24
Ormosia_semicastrata,68
Ormosia_smithii,38
Ormosia_sumatrana,42
Ormosia_xylocarpa,64
Ornithopus_compressus,8287
Ornithopus_perpusillus,27916
Ornithopus_pinnatus,2804
Ornithopus_sativus,2622
Otoptera_burchellii,202
Oxylobium_ellipticum,1791
Oxylobium_robustum,249
Oxyrhynchus_volubilis,43
Oxytropis_anertii,10
Oxytropis_arctica,503
Oxytropis_campanulata,459
Oxytropis_campestris,5249
Oxytropis_deflexa,1326
Oxytropis_glabra,365
Oxytropis_halleri,737
Oxytropis_kansuensis,155
Oxytropis_lambertii,3302
Oxytropis_lapponica,2477
Oxytropis_leucantha,339
Oxytropis_maydelliana,878
Oxytropis_melanocalyx,85
Oxytropis_mollis,93
Oxytropis_neglecta,536
Oxytropis_oreophila,219
Oxytropis_pilosa,2717
Oxytropis_scammaniana,145
Oxytropis_sericea,2107
Oxytropis_spicata,61
Oxytropis_splendens,976
Oxytropis_viscida,134
Pachyrhizus_erosus,1115
Pachyrhizus_ferrugineus,221
Pachyrhizus_tuberosus,54
Paramachaerium_ormosioides,19
Parapiptadenia_excelsa,99
Parapiptadenia_pterosperma,91
Parapiptadenia_rigida,541
Paraserianthes_lophantha,2281
Parkia_decussata,38
Parkia_discolor,124
Parkia_filicoidea,194
Parkia_gigantocarpa,31
Parkia_igneiflora,121
Parkia_multijuga,221
Parkia_nitida,305
Parkia_pendula,410
Parkia_platycephala,225
Parkia_speciosa,157
Parkia_timoriana,677
Parkia_ulei,93
Parkia_velutina,129
Parkinsonia_aculeata,15962
Parkinsonia_africana,186
Parochetus_communis,393
Parryella_filifolia,182
Pearsonia_aristata,91
Pearsonia_cajanifolia,107
Pearsonia_grandifolia,70
Pearsonia_sessilifolia,261
Pediomelum_subacaule,171
Peltogyne_catingae,45
Peltogyne_confertiflora,183
Peltogyne_gracilipes,32
Peltogyne_paniculata,180
Peltogyne_venosa,189
Peltophorum_africanum,706
Peltophorum_dubium,768
Peltophorum_pterocarpum,702
Pentaclethra_macroloba,419
Periandra_coccinea,372
Periandra_mediterranea,970
Pericopsis_angolensis,259
Pericopsis_elata,57
Pericopsis_mooniana,38
Petalostylis_labicheoides,537
Phaseolus_acutifolius,938
Phaseolus_coccineus,3843
Phaseolus_filiformis,951
Phaseolus_glabellus,80
Phaseolus_lunatus,2769
Phaseolus_maculatus,578
Phaseolus_parvulus,213
Phaseolus_pedicellatus,485
Phaseolus_polystachios,699
Phaseolus_vulgaris,13125
Phyllodium_elegans,126
Phyllodium_pulchellum,622
Phyllota_barbata,81
Phyllota_phylicoides,1756
Phyllota_pleurandroides,1069
Phyllota_remota,193
Pickeringia_montana,1030
Piliostigma_malabaricum,339
Piptadenia_adiantoides,170
Piptadenia_gonoacantha,565
Piptadenia_paniculata,134
Piptanthus_nepalensis,231
Piscidia_grandifolia,188
Piscidia_piscipula,857
Pithecellobium_diversifolium,160
Pithecellobium_dulce,3307
Pithecellobium_lanceolatum,1397
Pithecellobium_unguis-cati,647
Platycyamus_regnellii,75
Platylobium_formosum,5328
Platylobium_obtusangulum,3595
Platymiscium_floribundum,367
Platymiscium_pinnatum,755
Platymiscium_stipulare,94
Platymiscium_trinitatis,67
Platypodium_elegans,996
Podalyria_biflora,111
Podalyria_burchellii,208
Podalyria_calyptrata,296
Podalyria_cordata,46
Podalyria_myrtillifolia,262
Podalyria_sericea,281
Podolobium_ilicifolium,4393
Poecilanthe_falcata,36
Poecilanthe_parviflora,58
Poecilanthe_ulei,120
Poiretia_punctata,268
Poitea_punicea,43
Pongamia_pinnata,1655
Prosopis_affinis,179
Prosopis_africana,1954
Prosopis_alba,434
Prosopis_articulata,186
Prosopis_chilensis,304
Prosopis_cineraria,125
Prosopis_farcta,743
Prosopis_ferox,58
Prosopis_flexuosa,248
Prosopis_glandulosa,8931
Prosopis_juliflora,2557
Prosopis_kuntzei,92
Prosopis_laevigata,1166
Prosopis_nigra,188
Prosopis_pallida,1075
Prosopis_pubescens,1542
Prosopis_ruscifolia,117
Prosopis_tamarugo,59
Prosopis_velutina,1972
Pseudarthria_hookeri,850
Pseudarthria_viscida,113
Pseudopiptadenia_contorta,235
Pseudopiptadenia_psilostachya,107
Pseudovigna_argentea,44
Psophocarpus_lancifolius,37
Psophocarpus_palustris,109
Psophocarpus_scandens,158
Psophocarpus_tetragonolobus,320
Psoralea_aculeata,120
Psoralea_affinis,144
Psoralea_alata,60
Psoralea_aphylla,146
Psoralea_asarina,82
Psoralea_ensifolia,48
Psoralea_imbricata,93
Psoralea_laxa,84
Psoralea_monophylla,53
Psoralea_oligophylla,66
Psoralea_pinnata,844
Psoralea_repens,103
Psoralea_restioides,129
Psoralea_verrucosa,81
Psorothamnus_arborescens,805
Psorothamnus_emoryi,1200
Psorothamnus_fremontii,559
Psorothamnus_schottii,1266
Psorothamnus_scoparius,283
Psorothamnus_spinosus,1233
Pterocarpus_acapulcensis,368
Pterocarpus_amazonum,274
Pterocarpus_angolensis,654
Pterocarpus_indicus,562
Pterocarpus_macrocarpus,887
Pterocarpus_marsupium,59
Pterocarpus_officinalis,465
Pterocarpus_osun,43
Pterocarpus_rohrii,982
Pterocarpus_rotundifolius,320
Pterocarpus_santalinoides,1170
Pterocarpus_santalinus,38
Pterocarpus_soyauxii,304
Pterodon_abruptus,110
Pterodon_emarginatus,731
Pterogyne_nitens,553
Pterolobium_stellatum,133
Ptycholobium_biflorum,160
Ptycholobium_contortum,63
Ptycholobium_plicatum,44
Pueraria_montana,9267
Pultenaea_acerosa,594
Pultenaea_altissima,211
Pultenaea_blakelyi,289
Pultenaea_capitellata,136
Pultenaea_daphnoides,5428
Pultenaea_densifolia,284
Pultenaea_flexilis,1178
Pultenaea_foliolosa,925
Pultenaea_involucrata,255
Pultenaea_largiflorens,1665
Pultenaea_laxiflora,870
Pultenaea_microphylla,1359
Pultenaea_myrtoides,441
Pultenaea_ochreata,54
Pultenaea_paleacea,576
Pultenaea_procumbens,976
Pultenaea_reticulata,284
Pultenaea_retusa,2050
Pultenaea_scabra,2417
Pultenaea_stipularis,435
Pultenaea_tenuifolia,1441
Pultenaea_verruculosa,178
Pultenaea_villosa,2100
Pycnospora_lutescens,677
Rafnia_amplexicaulis,98
Rafnia_angulata,134
Rafnia_capensis,202
Rafnia_crassifolia,29
Rafnia_diffusa,31
Rafnia_elliptica,49
Rafnia_racemosa,40
Rafnia_triflora,74
Ramirezella_strobilophora,177
Requienia_sphaerosperma,92
Retama_monosperma,942
Retama_raetam,1444
Retama_sphaerocarpa,15770
Rhynchosia_acuminatissima,172
Rhynchosia_adenodes,132
Rhynchosia_albissima,62
Rhynchosia_angulosa,29
Rhynchosia_aurea,25
Rhynchosia_capensis,55
Rhynchosia_caribaea,274
Rhynchosia_ciliata,42
Rhynchosia_clivorum,78
Rhynchosia_cooperi,44
Rhynchosia_densiflora,170
Rhynchosia_diversifolia,76
Rhynchosia_fleckii,71
Rhynchosia_himalensis,86
Rhynchosia_hirsuta,48
Rhynchosia_holosericea,41
Rhynchosia_insignis,32
Rhynchosia_luteola,55
Rhynchosia_minima,6208
Rhynchosia_monophylla,220
Rhynchosia_nervosa,142
Rhynchosia_nitens,69
Rhynchosia_nyasica,75
Rhynchosia_pentheri,61
Rhynchosia_phaseoloides,557
Rhynchosia_procurrens,54
Rhynchosia_pyramidalis,189
Rhynchosia_reniformis,431
Rhynchosia_reptabunda,75
Rhynchosia_resinosa,110
Rhynchosia_reticulata,484
Rhynchosia_rothii,165
Rhynchosia_rufescens,37
Rhynchosia_senna,792
Rhynchosia_sordida,88
Rhynchosia_sublobata,352
Rhynchosia_tomentosa,289
Rhynchosia_totta,643
Rhynchosia_velutina,25
Rhynchosia_villosa,33
Rhynchosia_volubilis,816
Riedeliella_graciliflora,88
Robinia_hispida,1353
Robinia_pseudoacacia,98949
Robinia_viscosa,385
Rothia_hirsuta,87
Rothia_indica,73
Samanea_inopinata,73
Saraca_asoca,127
Schizolobium_parahyba,799
Schleinitzia_insularum,12
Schotia_brachypetala,550
Schotia_capitata,137
Schotia_latifolia,216
Scorodophloeus_zenkeri,297
Scorpiurus_muricatus,6714
Scorpiurus_vermiculatus,834
Senna_aculeata,95
Senna_alexandrina,329
Senna_aphylla,253
Senna_appendiculata,55
Senna_auriculata,265
Senna_aversiflora,106
Senna_bacillaris,699
Senna_barclayana,539
Senna_bauhinioides,647
Senna_bicapsularis,741
Senna_cana,430
Senna_candolleana,167
Senna_chrysocarpa,180
Senna_corymbosa,409
Senna_covesii,1391
Senna_cumingii,112
Senna_didymobotrya,2661
Senna_floribunda,250
Senna_fruticosa,560
Senna_gardneri,74
Senna_holosericea,76
Senna_italica,1296
Senna_latifolia,226
Senna_lindheimeriana,1569
Senna_marilandica,1458
Senna_multiglandulosa,854
Senna_multijuga,1312
Senna_nitida,48
Senna_obtusifolia,7038
Senna_occidentalis,7818
Senna_oxyphylla,67
Senna_pallida,1796
Senna_pendula,4560
Senna_petersiana,368
Senna_pilifera,337
Senna_pinheiroi,72
Senna_polyantha,241
Senna_quinquangulata,594
Senna_racemosa,609
Senna_reniformis,151
Senna_reticulata,851
Senna_septemtrionalis,2037
Senna_silvestris,1118
Senna_singueana,454
Senna_sophera,472
Senna_spectabilis,2838
Senna_splendida,539
Senna_sulfurea,82
Senna_surattensis,249
Senna_tapajozensis,103
Senna_tora,2617
Senna_uniflora,1278
Senna_velutina,347
Senna_wislizeni,775
Sesbania_benthamiana,121
Sesbania_bispinosa,393
Sesbania_cannabina,2176
Sesbania_cinerascens,49
Sesbania_drummondii,1235
Sesbania_erubescens,88
Sesbania_exasperata,260
Sesbania_formosa,252
Sesbania_goetzei,20
Sesbania_grandiflora,207
Sesbania_greenwayi,27
Sesbania_herbacea,2646
Sesbania_javanica,43
Sesbania_leptocarpa,223
Sesbania_longifolia,49
Sesbania_macrantha,173
Sesbania_microphylla,57
Sesbania_pachycarpa,227
Sesbania_punicea,1685
Sesbania_rostrata,132
Sesbania_sericea,176
Sesbania_sesban,865
Sesbania_tomentosa,70
Sesbania_virgata,547
Shuteria_involucrata,36
Sindora_siamensis,77
Smithia_ciliata,103
Smithia_conferta,96
Smithia_erubescens,57
Smithia_sensitiva,320
Sophora_albescens,28
Sophora_alopecuroides,387
Sophora_chrysophylla,494
Sophora_davidii,198
Sophora_flavescens,1779
Sophora_howinsula,11
Sophora_inhambanensis,25
Sophora_microphylla,1612
Sophora_mollis,44
Sophora_moorcroftiana,49
Sophora_nuttalliana,929
Sophora_prostrata,341
Sophora_tetraptera,92
Sophora_tomentosa,959
Sophora_velutina,85
Spartium_junceum,14552
Spatholobus_parviflorus,100
Sphaerolobium_alatum,135
Sphaerolobium_grandiflorum,96
Sphaerolobium_medium,498
Sphaerophysa_salsula,623
Sphenostylis_angustifolia,258
Sphenostylis_marginata,91
Sphenostylis_stenocarpa,138
Strongylodon_lucidus,137
Strongylodon_macrobotrys,93
Strophostyles_leiosperma,845
Strophostyles_umbellata,1484
Stryphnodendron_adstringens,500
Stryphnodendron_guianense,130
Stryphnodendron_microstachyum,115
Stryphnodendron_polystachyum,50
Stryphnodendron_pulcherrimum,405
Stryphnodendron_racemiferum,26
Stylosanthes_angustifolia,210
Stylosanthes_biflora,2083
Stylosanthes_bracteata,49
Stylosanthes_calcicola,35
Stylosanthes_capitata,528
Stylosanthes_erecta,347
Stylosanthes_fruticosa,928
Stylosanthes_guianensis,2752
Stylosanthes_hamata,1162
Stylosanthes_humilis,1033
Stylosanthes_leiocarpa,81
Stylosanthes_macrocarpa,26
Stylosanthes_macrocephala,200
Stylosanthes_mexicana,29
Stylosanthes_montevidensis,170
Stylosanthes_ruellioides,56
Stylosanthes_scabra,1194
Stylosanthes_sympodialis,45
Stylosanthes_viscosa,1271
Styphnolobium_japonicum,2132
Swainsona_burkittii,111
Swainsona_campylantha,611
Swainsona_canescens,345
Swainsona_fissimontana,107
Swainsona_flavicarinata,338
Swainsona_formosa,849
Swainsona_forrestii,36
Swainsona_galegifolia,2675
Swainsona_greyana,290
Swainsona_incei,40
Swainsona_kingii,154
Swainsona_leeana,46
Swainsona_lessertiifolia,546
Swainsona_maccullochiana,57
Swainsona_microphylla,515
Swainsona_oroboides,480
Swainsona_phacoides,987
Swainsona_procumbens,1226
Swainsona_pterostylis,158
Swainsona_stipularis,381
Swainsona_swainsonioides,505
Swartzia_acutifolia,76
Swartzia_apetala,491
Swartzia_arborescens,405
Swartzia_auriculata,91
Swartzia_bahiensis,35
Swartzia_benthamiana,85
Swartzia_corrugata,17
Swartzia_cuspidata,56
Swartzia_flaemingii,151
Swartzia_grandifolia,104
Swartzia_guianensis,30
Swartzia_laevicarpa,156
Swartzia_langsdorffii,44
Swartzia_latifolia,58
Swartzia_laurifolia,82
Swartzia_laxiflora,30
Swartzia_leptopetala,196
Swartzia_longistipitata,26
Swartzia_macrostachya,198
Swartzia_myrtifolia,270
Swartzia_oblanceolata,51
Swartzia_panacoco,138
Swartzia_polyphylla,226
Swartzia_recurva,121
Swartzia_reticulata,39
Swartzia_schomburgkii,166
Swartzia_sericea,125
Swartzia_simplex,984
Swartzia_ulei,28
Sweetia_fruticosa,125
Tachigali_cavipes,61
Tachigali_paniculata,453
Tachigali_versicolor,35
Tadehagi_triquetrum,504
Tamarindus_indica,4396
Taralea_cordata,87
Taralea_oppositifolia,280
Taverniera_cuneifolia,33
Templetonia_retusa,999
Templetonia_sulcata,208
Tephrosia_adunca,162
Tephrosia_aequilata,84
Tephrosia_brachyodon,956
Tephrosia_bracteolata,1094
Tephrosia_burchellii,117
Tephrosia_candida,182
Tephrosia_capensis,450
Tephrosia_cinerea,790
Tephrosia_cordata,28
Tephrosia_dietrichiae,42
Tephrosia_dregeana,171
Tephrosia_elata,58
Tephrosia_elongata,183
Tephrosia_filipes,709
Tephrosia_flagellaris,66
Tephrosia_glomeruliflora,156
Tephrosia_grandiflora,217
Tephrosia_juncea,470
Tephrosia_linearis,738
Tephrosia_longipes,234
Tephrosia_lupinifolia,147
Tephrosia_macropoda,150
Tephrosia_multijuga,93
Tephrosia_natalensis,29
Tephrosia_nitens,72
Tephrosia_noctiflora,270
Tephrosia_obovata,35
Tephrosia_paniculata,52
Tephrosia_polystachya,170
Tephrosia_pumila,234
Tephrosia_purpurea,2258
Tephrosia_remotiflora,699
Tephrosia_reptans,53
Tephrosia_rhodesica,139
Tephrosia_rosea,720
Tephrosia_rufula,112
Tephrosia_semiglabra,76
Tephrosia_senna,37
Tephrosia_sessiliflora,99
Tephrosia_shiluwanensis,77
Tephrosia_sinapou,211
Tephrosia_sphaerospora,558
Tephrosia_spicata,571
Tephrosia_subtriflora,51
Tephrosia_supina,367
Tephrosia_uniflora,503
Tephrosia_vestita,61
Tephrosia_vicioides,352
Tephrosia_villosa,324
Tephrosia_virginiana,3259
Tephrosia_vogelii,415
Teramnus_labialis,783
Teramnus_repens,36
Teramnus_uncinatus,787
Teramnus_volubilis,112
Tetraberlinia_bifoliolata,245
Tetraberlinia_moreliana,53
Thermopsis_barbata,94
Thermopsis_inflata,67
Thermopsis_lanceolata,1193
Thermopsis_macrophylla,93
Thermopsis_montana,1400
Thermopsis_villosa,86
Tibetia_himalaica,203
Tipuana_tipu,1341
Trifolium_affine,30
Trifolium_africanum,216
Trifolium_albopurpureum,1022
Trifolium_alexandrinum,1745
Trifolium_alpestre,10456
Trifolium_alpinum,8478
Trifolium_amabile,919
Trifolium_ambiguum,439
Trifolium_angustifolium,16559
Trifolium_argutum,461
Trifolium_arvense,91524
Trifolium_aureum,24817
Trifolium_baccarinii,166
Trifolium_badium,5907
Trifolium_barbigerum,226
Trifolium_beckwithii,86
Trifolium_bejariense,64
Trifolium_bifidum,495
Trifolium_bocconei,1124
Trifolium_boissieri,190
Trifolium_burchellianum,419
Trifolium_campestre,99911
Trifolium_canescens,157
Trifolium_carolinianum,171
Trifolium_cernuum,1348
Trifolium_cherleri,3884
Trifolium_ciliolatum,1092
Trifolium_clusii,360
Trifolium_clypeatum,920
Trifolium_cryptopodium,133
Trifolium_cyathiferum,481
Trifolium_dalmaticum,236
Trifolium_dasyphyllum,593
Trifolium_dasyurum,302
Trifolium_decorum,65
Trifolium_depauperatum,1271
Trifolium_dichotomum,216
Trifolium_diffusum,447
Trifolium_dubium,117604
Trifolium_echinatum,389
Trifolium_fragiferum,27940
Trifolium_fucatum,447
Trifolium_glanduliferum,230
Trifolium_globosum,89
Trifolium_glomeratum,12253
Trifolium_gracilentum,818
Trifolium_grandiflorum,307
Trifolium_haydenii,110
Trifolium_hirtum,5020
Trifolium_hybridum,85264
Trifolium_incarnatum,36836
Trifolium_isthmocarpum,360
Trifolium_kingii,94
Trifolium_lappaceum,2420
Trifolium_leucanthum,343
Trifolium_ligusticum,1202
Trifolium_longipes,1927
Trifolium_lupinaster,3849
Trifolium_mattirolianum,85
Trifolium_medium,87603
Trifolium_michelianum,425
Trifolium_micranthum,4206
Trifolium_microcephalum,1624
Trifolium_microdon,304
Trifolium_nanum,363
Trifolium_nigrescens,3210
Trifolium_obscurum,73
Trifolium_oliganthum,244
Trifolium_ornithopodioides,1112
Trifolium_palaestinum,122
Trifolium_pallescens,1484
Trifolium_pallidum,459
Trifolium_pannonicum,228
Trifolium_parryi,562
Trifolium_patens,1526
Trifolium_pauciflorum,198
Trifolium_physodes,518
Trifolium_plebeium,49
Trifolium_polymorphum,181
Trifolium_polyphyllum,72
Trifolium_polystachyum,66
Trifolium_pratense,301947
Trifolium_pseudostriatum,50
Trifolium_quartinianum,45
Trifolium_reflexum,385
Trifolium_repens,350382
Trifolium_resupinatum,13103
Trifolium_retusum,520
Trifolium_rubens,8980
Trifolium_rueppellianum,188
Trifolium_scabrum,12219
Trifolium_scutatum,150
Trifolium_semipilosum,261
Trifolium_simense,169
Trifolium_spadiceum,9133
Trifolium_spumosum,894
Trifolium_squamosum,1890
Trifolium_squarrosum,309
Trifolium_stellatum,10270
Trifolium_steudneri,90
Trifolium_stoloniferum,92
Trifolium_striatum,14144
Trifolium_strictum,1622
Trifolium_subterraneum,13975
Trifolium_suffocatum,1417
Trifolium_sylvaticum,217
Trifolium_tembense,197
Trifolium_thalii,2781
Trifolium_tomentosum,6131
Trifolium_tumens,46
Trifolium_uniflorum,226
Trifolium_usambarense,96
Trifolium_variegatum,1470
Trifolium_vesiculosum,1154
Trifolium_willdenovii,3706
Trifolium_wormskioldii,1815
Trigonella_anguina,54
Trigonella_arabica,348
Trigonella_balansae,232
Trigonella_berythea,107
Trigonella_caelesyriaca,74
Trigonella_caerulea,473
Trigonella_cylindracea,103
Trigonella_emodi,84
Trigonella_glabra,58
Trigonella_gladiata,1088
Trigonella_spruneriana,35
Trigonella_stellata,546
Trigonella_suavissima,690
Tripodion_tetraphyllum,3957
Tylosema_esculentum,102
Ulex_europaeus,72447
Ulex_gallii,6685
Uraria_crinita,536
Uraria_lagopodioides,1681
Uraria_picta,804
Uraria_rufescens,61
Vandasina_retusa,143
Vatairea_erythrocarpa,74
Vatairea_guianensis,153
Vatairea_heteroptera,33
Vataireopsis_araroba,32
Vicia_acutifolia,549
Vicia_americana,8604
Vicia_amoena,2043
Vicia_amurensis,713
Vicia_articulata,734
Vicia_benghalensis,3189
Vicia_biennis,276
Vicia_bithynica,2974
Vicia_bungei,226
Vicia_caroliniana,1712
Vicia_cassubica,5982
Vicia_cracca,214467
Vicia_disperma,1579
Vicia_dumetorum,3158
Vicia_ervilia,1533
Vicia_faba,28866
Vicia_floridana,110
Vicia_graminea,132
Vicia_grandiflora,3347
Vicia_hirsuta,79843
Vicia_hybrida,4720
Vicia_hyrcanica,165
Vicia_lathyroides,13070
Vicia_linearifolia,24
Vicia_ludoviciana,2966
Vicia_lutea,8771
Vicia_melanops,553
Vicia_minutiflora,212
Vicia_monantha,1850
Vicia_nana,24
Vicia_narbonensis,1926
Vicia_nipponica,216
Vicia_ochroleuca,78
Vicia_palaestina,773
Vicia_pannonica,5303
Vicia_parviflora,2691
Vicia_peregrina,4299
Vicia_pisiformis,2727
Vicia_pseudo-orobus,659
Vicia_pubescens,4185
Vicia_pulchella,487
Vicia_ramuliflora,733
Vicia_sativa,141143
Vicia_sepium,155922
Vicia_serratifolia,556
Vicia_sicula,35
Vicia_sylvatica,22509
Vicia_tenuifolia,15735
Vicia_tetrasperma,46242
Vicia_unijuga,3797
Vicia_venosa,767
Vicia_villosa,36517
Vigna_aconitifolia,109
Vigna_angularis,1235
Vigna_comosa,208
Vigna_dalzelliana,96
Vigna_frutescens,557
Vigna_gazensis,57
Vigna_hosei,151
Vigna_juncea,40
Vigna_khandalensis,39
Vigna_lanceolata,2241
Vigna_lasiocarpa,236
Vigna_longifolia,184
Vigna_luteola,3276
Vigna_marina,614
Vigna_minima,427
Vigna_monophylla,75
Vigna_multinervis,230
Vigna_mungo,501
Vigna_oblongifolia,419
Vigna_parkeri,288
Vigna_pygmaea,64
Vigna_radiata,2592
Vigna_reflexopilosa,156
Vigna_subterranea,1104
Vigna_trilobata,223
Vigna_triphylla,25
Vigna_umbellata,517
Vigna_unguiculata,7580
Viminaria_juncea,1786
Virgilia_divaricata,158
Virgilia_oroboides,225
Vouacapoua_americana,114
Vouacapoua_pallidior,17
Wallaceodendron_celebicum,34
Wiborgia_monoptera,58
Wiborgia_mucronata,54
Wiborgia_obcordata,128
Wisteria_brachybotrys,389
Wisteria_floribunda,1952
Wisteria_frutescens,833
Wisteria_sinensis,2528
Xanthocercis_madagascariensis,101
Xylia_torreana,30
Xylia_xylocarpa,352
Zapoteca_formosa,1299
Zenkerella_citrina,40
Zollernia_glabra,72
Zollernia_ilicifolia,175
Zollernia_paraensis,39
Zornia_brasiliensis,198
Zornia_capensis,348
Zornia_curvata,148
Zornia_diphylla,380
Zornia_gibbosa,236
Zornia_glabra,97
Zornia_linearis,92
Zornia_milneana,163
Zornia_pratensis,64
Zornia_reticulata,956
Zygia_cataractae,494
Zygia_cauliflora,334
Zygia_inaequalis,416
Zygia_juruana,58
Zygia_latifolia,538
Zygia_longifolia,687
